level,pathway,Total_Genes,DEGs,Upregulated,Downregulated,Pct_Up,Pct_Down,Enrichment_P,Enrichment_FDR,Enrichment_OR,Enrichment_Sig,Directional_P,Directional_FDR,Directional_OR,Directional_Sig
level_0,Metabolism,464,94,20,74,21.27659574468085,78.72340425531915,0.9976358036027471,0.9989081929244448,0.7282000750750751,ns,9.598277217927112e-12,3.3593970262744895e-11,0.2072624772011275,***
level_0,Mitochondrial central dogma,230,55,7,48,12.727272727272727,87.27272727272727,0.7503702773165938,0.9989081929244448,0.9098027700288749,ns,4.026949594736634e-11,9.396215721052147e-11,0.11325826739703794,***
level_0,Mitochondrial dynamics and surveillance,102,14,6,8,42.857142857142854,57.14285714285714,0.9989081929244448,0.9989081929244448,0.4588375307125307,ns,0.42217657193484714,0.42217657193484714,0.6003649635036497,ns
level_0,OXPHOS,168,49,0,49,0.0,100.0,0.16685246780531932,0.9989081929244448,1.1974258421317245,ns,3.638569597951193e-18,2.5469987185658355e-17,0.0,***
level_0,Protein import sorting and homeostasis,88,18,4,14,22.22222222222222,77.77777777777779,0.895000501252213,0.9989081929244448,0.744200657258844,ns,0.007013373081025158,0.012273402891794027,0.227391077937858,*
level_0,Signaling,47,6,1,5,16.666666666666664,83.33333333333334,0.9904126524461541,0.9989081929244448,0.4232463348892249,ns,0.09485131678728434,0.11065986958516506,0.15997574287446936,ns
level_0,Small molecule transport,85,19,5,14,26.31578947368421,73.68421052631578,0.7923532190235705,0.9989081929244448,0.8338255652976465,ns,0.01803194391003203,0.025244721474044843,0.28441163699522365,*
